id,name
0972151c-e4b0-48cc-8a38-daaa0c9b8f97,wrcdh
0972151c-e4b0-48cc-8a38-daaa0c9b8f97,eusacbd
0972151c-e4b0-48cc-8a38-daaa0c9b8f97,ruvjcyykor
0972151c-e4b0-48cc-8a38-daaa0c9b8f97,kjuxqpo
0972151c-e4b0-48cc-8a38-daaa0c9b8f97,nkqicjmbvq
6c72231b-9fa4-4009-812b-c867b0acf144,mdnzzz
6c72231b-9fa4-4009-812b-c867b0acf144,ncgsak
6c72231b-9fa4-4009-812b-c867b0acf144,ilmjomu
6c72231b-9fa4-4009-812b-c867b0acf144,zgotszkv
3d7af07f-f7fd-4c17-833f-51b60150c832,yfzotgw
3d7af07f-f7fd-4c17-833f-51b60150c832,zhjaipmwu
3d7af07f-f7fd-4c17-833f-51b60150c832,vfnmdedpm
3d7af07f-f7fd-4c17-833f-51b60150c832,lpinopcebb
3d7af07f-f7fd-4c17-833f-51b60150c832,hglcwxf
3d7af07f-f7fd-4c17-833f-51b60150c832,tvgjgktla
3d7af07f-f7fd-4c17-833f-51b60150c832,hjyblycrbs
3d7af07f-f7fd-4c17-833f-51b60150c832,jkvmknf
ba0191df-8988-4aaa-a8ff-9cd948c5f93f,jtkq
ba0191df-8988-4aaa-a8ff-9cd948c5f93f,pduezkkv
981fd006-733f-419d-a5d5-f294192a3ceb,fjhdnimvr
981fd006-733f-419d-a5d5-f294192a3ceb,mfvigfy
981fd006-733f-419d-a5d5-f294192a3ceb,cbanufmhe
981fd006-733f-419d-a5d5-f294192a3ceb,shvfqw
981fd006-733f-419d-a5d5-f294192a3ceb,lgyt
981fd006-733f-419d-a5d5-f294192a3ceb,ojrvc
981fd006-733f-419d-a5d5-f294192a3ceb,ebpj
981fd006-733f-419d-a5d5-f294192a3ceb,qfmmieqboc
cf9dfcdb-828d-4594-b8f9-02d79c02897c,cyqfuc
cf9dfcdb-828d-4594-b8f9-02d79c02897c,drkzid
cf9dfcdb-828d-4594-b8f9-02d79c02897c,wosrw
1f21d503-0a97-43c0-b301-0717d6662606,auxyricwho
560e4c2a-83d7-42c0-881c-bfe0a5b5b23d,hyvp
560e4c2a-83d7-42c0-881c-bfe0a5b5b23d,oaaymwuql
560e4c2a-83d7-42c0-881c-bfe0a5b5b23d,ibrlky
560e4c2a-83d7-42c0-881c-bfe0a5b5b23d,mpmfnfute
560e4c2a-83d7-42c0-881c-bfe0a5b5b23d,laxr
560e4c2a-83d7-42c0-881c-bfe0a5b5b23d,pjqzercxgo
560e4c2a-83d7-42c0-881c-bfe0a5b5b23d,wxmq
560e4c2a-83d7-42c0-881c-bfe0a5b5b23d,sgas
560e4c2a-83d7-42c0-881c-bfe0a5b5b23d,qvuvrsflep
23544c7f-52be-45ba-831f-81580dc0cf5d,lgxgoetwu
23544c7f-52be-45ba-831f-81580dc0cf5d,durotle
23544c7f-52be-45ba-831f-81580dc0cf5d,sjwv
23544c7f-52be-45ba-831f-81580dc0cf5d,dzlsxsu
23544c7f-52be-45ba-831f-81580dc0cf5d,cjfecfctz
23544c7f-52be-45ba-831f-81580dc0cf5d,rdxpswbo
23544c7f-52be-45ba-831f-81580dc0cf5d,ygqqt
23544c7f-52be-45ba-831f-81580dc0cf5d,gtdjz
23544c7f-52be-45ba-831f-81580dc0cf5d,wbmrry
5fb8f7f3-913b-4af5-ba67-a1e58e801135,abgzuy
5fb8f7f3-913b-4af5-ba67-a1e58e801135,gembzcqzs
5fb8f7f3-913b-4af5-ba67-a1e58e801135,npytotdn
5fb8f7f3-913b-4af5-ba67-a1e58e801135,mpzkadjubf
5fb8f7f3-913b-4af5-ba67-a1e58e801135,gbzpfqeba
5fb8f7f3-913b-4af5-ba67-a1e58e801135,wrpofij
62d85a9c-f961-41f5-b974-25b626eda16c,wzgy
62d85a9c-f961-41f5-b974-25b626eda16c,istpo
62d85a9c-f961-41f5-b974-25b626eda16c,rwwskurnx
62d85a9c-f961-41f5-b974-25b626eda16c,ywzxnivclu
2c7dc70e-e095-4afb-bca8-8f280d537b79,snqr
2c7dc70e-e095-4afb-bca8-8f280d537b79,aztnodztkm
2c7dc70e-e095-4afb-bca8-8f280d537b79,qeiupps
2c7dc70e-e095-4afb-bca8-8f280d537b79,jkne
2c7dc70e-e095-4afb-bca8-8f280d537b79,bmmygwtxkq
2c7dc70e-e095-4afb-bca8-8f280d537b79,tfzzwzgrj
2c7dc70e-e095-4afb-bca8-8f280d537b79,irwmo
2c7dc70e-e095-4afb-bca8-8f280d537b79,fkfvirr
2c7dc70e-e095-4afb-bca8-8f280d537b79,ilaw
2c7dc70e-e095-4afb-bca8-8f280d537b79,okusbd
d1fad9fb-2b86-4588-9f93-890452bc9110,dfwh
d1fad9fb-2b86-4588-9f93-890452bc9110,fvospexbp
2cabc265-0874-43b8-98f6-0fe8f49dbcd6,csiipko
2cabc265-0874-43b8-98f6-0fe8f49dbcd6,eiardiwbjk
2cabc265-0874-43b8-98f6-0fe8f49dbcd6,kyqcx
2cabc265-0874-43b8-98f6-0fe8f49dbcd6,gadn
2cabc265-0874-43b8-98f6-0fe8f49dbcd6,xfsexomqol
2cabc265-0874-43b8-98f6-0fe8f49dbcd6,cpwokddo
2cabc265-0874-43b8-98f6-0fe8f49dbcd6,pyece
2cabc265-0874-43b8-98f6-0fe8f49dbcd6,ommnopfqj
e22b468a-6744-45c7-86c5-b40d3702401d,atydcj
e22b468a-6744-45c7-86c5-b40d3702401d,irjoyx
e22b468a-6744-45c7-86c5-b40d3702401d,vtvcakrbt
e22b468a-6744-45c7-86c5-b40d3702401d,qtntdgcql
e22b468a-6744-45c7-86c5-b40d3702401d,ufibuw
e22b468a-6744-45c7-86c5-b40d3702401d,rfyl
e22b468a-6744-45c7-86c5-b40d3702401d,wcyck
e22b468a-6744-45c7-86c5-b40d3702401d,sioe
2007f2e8-87fe-4a25-9c45-1dcc1c546021,cnkwzjes
ed38dcf2-5bff-4b34-813b-9b4bb83a30f8,fwdw
ed38dcf2-5bff-4b34-813b-9b4bb83a30f8,zjsfthw
ed38dcf2-5bff-4b34-813b-9b4bb83a30f8,lfpz
ed38dcf2-5bff-4b34-813b-9b4bb83a30f8,yfwwkdn
ed38dcf2-5bff-4b34-813b-9b4bb83a30f8,ebvrqyjbo
4adc3250-bf41-4f02-a981-9aeb71db181c,jgvzuly
4adc3250-bf41-4f02-a981-9aeb71db181c,lmfrraenfl
e4f110bc-ac8a-499b-936b-5f51141824ad,rpjluvvp
e4f110bc-ac8a-499b-936b-5f51141824ad,uxqiisac
e4f110bc-ac8a-499b-936b-5f51141824ad,bajgmi
e4f110bc-ac8a-499b-936b-5f51141824ad,nvswqxbe
e4f110bc-ac8a-499b-936b-5f51141824ad,vgpckely
aa31700f-796d-4848-a604-7fcb734bb319,qkroczlnu
aa31700f-796d-4848-a604-7fcb734bb319,jdayyh
aa31700f-796d-4848-a604-7fcb734bb319,beihn
aa31700f-796d-4848-a604-7fcb734bb319,zkczige
aa31700f-796d-4848-a604-7fcb734bb319,aloucs
aa31700f-796d-4848-a604-7fcb734bb319,fkupitfb
aa31700f-796d-4848-a604-7fcb734bb319,bxclbyet
108475cd-cbc0-4ae9-93e7-00b16971f8bd,ucwxemxgmg
108475cd-cbc0-4ae9-93e7-00b16971f8bd,haqyotjfl
108475cd-cbc0-4ae9-93e7-00b16971f8bd,iaebuz
1e4de68f-9ca7-45ca-ab73-b8675d90f3d7,syhj
1e4de68f-9ca7-45ca-ab73-b8675d90f3d7,pzkzbldrbn
1e4de68f-9ca7-45ca-ab73-b8675d90f3d7,ddbsmrk
1e4de68f-9ca7-45ca-ab73-b8675d90f3d7,xbtw
1e4de68f-9ca7-45ca-ab73-b8675d90f3d7,yehysdag
1e4de68f-9ca7-45ca-ab73-b8675d90f3d7,zkiqxgahnw
1e4de68f-9ca7-45ca-ab73-b8675d90f3d7,uwnrfzsn
1e4de68f-9ca7-45ca-ab73-b8675d90f3d7,kcjwcgwm
1e4de68f-9ca7-45ca-ab73-b8675d90f3d7,ntdxxfpbc
1e4de68f-9ca7-45ca-ab73-b8675d90f3d7,wusel
1314190e-44c3-4719-9d4b-be71cf2e4fe3,mxhfsqzmiw
1314190e-44c3-4719-9d4b-be71cf2e4fe3,bimpbuuwq
1314190e-44c3-4719-9d4b-be71cf2e4fe3,ezkmxmoxnw
1314190e-44c3-4719-9d4b-be71cf2e4fe3,ymup
1314190e-44c3-4719-9d4b-be71cf2e4fe3,irjgwbyqz
1314190e-44c3-4719-9d4b-be71cf2e4fe3,bskx
1314190e-44c3-4719-9d4b-be71cf2e4fe3,xtevcdtr
1314190e-44c3-4719-9d4b-be71cf2e4fe3,kdrwrjcnk
b577b49e-0a72-4376-8d56-d3c85cc93a0f,guqo
b577b49e-0a72-4376-8d56-d3c85cc93a0f,jjnxblofnk
b577b49e-0a72-4376-8d56-d3c85cc93a0f,njdcd
b577b49e-0a72-4376-8d56-d3c85cc93a0f,typadgokkz
b577b49e-0a72-4376-8d56-d3c85cc93a0f,wknuziie
b577b49e-0a72-4376-8d56-d3c85cc93a0f,jrnoc
b577b49e-0a72-4376-8d56-d3c85cc93a0f,ljmnc
0815b1b1-a72e-4955-9cd5-444b7580599b,owulzr
1c88c88d-e88f-472f-bb9e-67acec925ae7,vfyppp
1c88c88d-e88f-472f-bb9e-67acec925ae7,avdc
1c88c88d-e88f-472f-bb9e-67acec925ae7,timprdv
1c88c88d-e88f-472f-bb9e-67acec925ae7,fjfmflr
1c88c88d-e88f-472f-bb9e-67acec925ae7,dvyhlnw
1c88c88d-e88f-472f-bb9e-67acec925ae7,tpiz
1c88c88d-e88f-472f-bb9e-67acec925ae7,zptfaeldn
1c88c88d-e88f-472f-bb9e-67acec925ae7,ielpztz
1c88c88d-e88f-472f-bb9e-67acec925ae7,mwvfsdlfvq
1c88c88d-e88f-472f-bb9e-67acec925ae7,pvqyvratmc
4d6e6c8a-8633-4e62-9c63-4f650cbd8b0b,fadkqbdt
4d6e6c8a-8633-4e62-9c63-4f650cbd8b0b,cbvd
4d6e6c8a-8633-4e62-9c63-4f650cbd8b0b,nxkgdqnesv
4d6e6c8a-8633-4e62-9c63-4f650cbd8b0b,rkuik
4d6e6c8a-8633-4e62-9c63-4f650cbd8b0b,aheg
4d6e6c8a-8633-4e62-9c63-4f650cbd8b0b,yyzh
4d6e6c8a-8633-4e62-9c63-4f650cbd8b0b,iyshxe
4d6e6c8a-8633-4e62-9c63-4f650cbd8b0b,kptjdnb
4d6e6c8a-8633-4e62-9c63-4f650cbd8b0b,ubjh
4d6e6c8a-8633-4e62-9c63-4f650cbd8b0b,lnzpcap
9bb46e03-989c-4a37-b0d6-0eb62e085209,bgyumcz
9bb46e03-989c-4a37-b0d6-0eb62e085209,naamrjl
9bb46e03-989c-4a37-b0d6-0eb62e085209,fcgd
9bb46e03-989c-4a37-b0d6-0eb62e085209,yzvmqa
17723603-bb02-4132-af65-d9221c3beb9a,dxxt
17723603-bb02-4132-af65-d9221c3beb9a,rkmdh
17723603-bb02-4132-af65-d9221c3beb9a,yqdmo
17723603-bb02-4132-af65-d9221c3beb9a,cjicttckbq
17723603-bb02-4132-af65-d9221c3beb9a,plfbjtn
17723603-bb02-4132-af65-d9221c3beb9a,hzvdrgkwx
bbae37e7-d655-41ac-bd0f-3fe3529c16d6,ozcep
bbae37e7-d655-41ac-bd0f-3fe3529c16d6,ymtdiu
bbae37e7-d655-41ac-bd0f-3fe3529c16d6,hzcsepgbg
bbae37e7-d655-41ac-bd0f-3fe3529c16d6,cdkvr
bbae37e7-d655-41ac-bd0f-3fe3529c16d6,wuiskw
bbae37e7-d655-41ac-bd0f-3fe3529c16d6,ocmrzvfxhf
bbae37e7-d655-41ac-bd0f-3fe3529c16d6,rffdnt
bbae37e7-d655-41ac-bd0f-3fe3529c16d6,zvvc
bbae37e7-d655-41ac-bd0f-3fe3529c16d6,kfgjpziid
bbae37e7-d655-41ac-bd0f-3fe3529c16d6,hcxy
5281c9da-7c39-4b03-981b-45ab012ab09e,zgsy
5281c9da-7c39-4b03-981b-45ab012ab09e,rlcfxbe
5281c9da-7c39-4b03-981b-45ab012ab09e,hxviqx
5281c9da-7c39-4b03-981b-45ab012ab09e,tigjjaacze
5281c9da-7c39-4b03-981b-45ab012ab09e,bhjphcgcz
5281c9da-7c39-4b03-981b-45ab012ab09e,iscvrksnuv
5281c9da-7c39-4b03-981b-45ab012ab09e,dltoz
5281c9da-7c39-4b03-981b-45ab012ab09e,qbsaqzgy
5281c9da-7c39-4b03-981b-45ab012ab09e,dgdszfhysq
8bd4d10a-3dbd-4505-837b-84958808c142,dsrnatodcc
8bd4d10a-3dbd-4505-837b-84958808c142,gbspej
8bd4d10a-3dbd-4505-837b-84958808c142,obdrcgykng
8bd4d10a-3dbd-4505-837b-84958808c142,xbxiotpt
8bd4d10a-3dbd-4505-837b-84958808c142,ymwvubrbqu
8bd4d10a-3dbd-4505-837b-84958808c142,jszwtjhapn
8bd4d10a-3dbd-4505-837b-84958808c142,jehrc
8bd4d10a-3dbd-4505-837b-84958808c142,fdihihapt
8bd4d10a-3dbd-4505-837b-84958808c142,nimrek
ef291530-647d-4642-b5a6-c1e05d9abbf2,ywiww
ef291530-647d-4642-b5a6-c1e05d9abbf2,tokvkwyuy
ef291530-647d-4642-b5a6-c1e05d9abbf2,rwduznpxwe
ef291530-647d-4642-b5a6-c1e05d9abbf2,ylfsf
4a6047bd-36b2-4d6d-9c3c-dfe7b5d9596c,wdlpf
4a6047bd-36b2-4d6d-9c3c-dfe7b5d9596c,fopwiy
4a6047bd-36b2-4d6d-9c3c-dfe7b5d9596c,gwrvp
4a6047bd-36b2-4d6d-9c3c-dfe7b5d9596c,usuya
4a6047bd-36b2-4d6d-9c3c-dfe7b5d9596c,hllehuplvd
4a6047bd-36b2-4d6d-9c3c-dfe7b5d9596c,ehyppqwcuq
4a6047bd-36b2-4d6d-9c3c-dfe7b5d9596c,akdrbfx
4a6047bd-36b2-4d6d-9c3c-dfe7b5d9596c,rzvvqloh
4a6047bd-36b2-4d6d-9c3c-dfe7b5d9596c,romw
d07e2015-b76c-40bf-b872-b06dcbf2a9a4,ydwqzn
d07e2015-b76c-40bf-b872-b06dcbf2a9a4,vtqiprcb
4cddd0ef-f526-467f-8804-229dbbf54a5a,xdomcep
4cddd0ef-f526-467f-8804-229dbbf54a5a,bdzzrj
4cddd0ef-f526-467f-8804-229dbbf54a5a,dblzcuzux
b9cdd7ab-b401-4a63-8396-12f43b218022,efum
b9cdd7ab-b401-4a63-8396-12f43b218022,lstvprp
b9cdd7ab-b401-4a63-8396-12f43b218022,zydkuiho
b9cdd7ab-b401-4a63-8396-12f43b218022,yywzx
b9cdd7ab-b401-4a63-8396-12f43b218022,etzsljxt
b9cdd7ab-b401-4a63-8396-12f43b218022,lklzcmshl
b9cdd7ab-b401-4a63-8396-12f43b218022,wipxkbemtc
b9cdd7ab-b401-4a63-8396-12f43b218022,nyzq
b9cdd7ab-b401-4a63-8396-12f43b218022,kcgilgzy
5f10766f-5b4c-424c-9be8-a0216bc54b48,ltvviqx
5f10766f-5b4c-424c-9be8-a0216bc54b48,nrqhmvccnt
5f10766f-5b4c-424c-9be8-a0216bc54b48,rsja
5f10766f-5b4c-424c-9be8-a0216bc54b48,wukaa
50faed63-cfb7-49ba-a6dd-2494e6a74278,iiwuhuobds
50faed63-cfb7-49ba-a6dd-2494e6a74278,kvzifjnxnt
7a5f929b-15a6-477a-8ea4-596695129240,vljgvkqm
7bb88ce1-33a4-4149-80c8-c703cbf38ca8,pvvyza
7bb88ce1-33a4-4149-80c8-c703cbf38ca8,mbbkwt
7bb88ce1-33a4-4149-80c8-c703cbf38ca8,jzsei
eaef9a43-b30d-4c8d-8b35-b7931bd46966,azfhtq
eaef9a43-b30d-4c8d-8b35-b7931bd46966,rmphegn
eaef9a43-b30d-4c8d-8b35-b7931bd46966,npigoyke
eaef9a43-b30d-4c8d-8b35-b7931bd46966,jsycj
eaef9a43-b30d-4c8d-8b35-b7931bd46966,jfxb
b94a538c-147d-4476-bdd4-91de2d7b6ce4,yyvoq
b94a538c-147d-4476-bdd4-91de2d7b6ce4,abefzq
b94a538c-147d-4476-bdd4-91de2d7b6ce4,qvjzrit
b94a538c-147d-4476-bdd4-91de2d7b6ce4,lypxcfme
b94a538c-147d-4476-bdd4-91de2d7b6ce4,yonfxn
b94a538c-147d-4476-bdd4-91de2d7b6ce4,akrzmxage
b94a538c-147d-4476-bdd4-91de2d7b6ce4,bvzwpgedve
b94a538c-147d-4476-bdd4-91de2d7b6ce4,lzofrlsxff
d15d9b06-ac25-4426-866a-7ee03e05f839,kipuoyiku
d15d9b06-ac25-4426-866a-7ee03e05f839,elfppm
d15d9b06-ac25-4426-866a-7ee03e05f839,chuortufhj
d15d9b06-ac25-4426-866a-7ee03e05f839,uxzjuyybj
d15d9b06-ac25-4426-866a-7ee03e05f839,sptktmrco
d15d9b06-ac25-4426-866a-7ee03e05f839,sseuew
d15d9b06-ac25-4426-866a-7ee03e05f839,cgkqgtgflv
d15d9b06-ac25-4426-866a-7ee03e05f839,aowdy
52ca89b2-62aa-4c45-adbd-b497d7ed379e,xkygje
52ca89b2-62aa-4c45-adbd-b497d7ed379e,cqwuhep
52ca89b2-62aa-4c45-adbd-b497d7ed379e,hukzh
52ca89b2-62aa-4c45-adbd-b497d7ed379e,pxzdbihwv
52ca89b2-62aa-4c45-adbd-b497d7ed379e,xedkbru
52ca89b2-62aa-4c45-adbd-b497d7ed379e,czkpbif
c8e2c9d8-e4d7-49f5-939d-ff20162ea888,djacjcrvyl
7fc40b78-c724-48d2-bb9e-21531a94344a,unszb
7fc40b78-c724-48d2-bb9e-21531a94344a,mfyyadd
7fc40b78-c724-48d2-bb9e-21531a94344a,exeuf
7fc40b78-c724-48d2-bb9e-21531a94344a,tyssihmcr
7fc40b78-c724-48d2-bb9e-21531a94344a,mnqp
7fc40b78-c724-48d2-bb9e-21531a94344a,rqyalrqbe
7fc40b78-c724-48d2-bb9e-21531a94344a,dorhrqt
7fc40b78-c724-48d2-bb9e-21531a94344a,vzddmsy
7fc40b78-c724-48d2-bb9e-21531a94344a,ghdie
7fc40b78-c724-48d2-bb9e-21531a94344a,gszswq
77afe0f7-e16b-4b5a-908b-e5d04ea162c7,hdzyghrt
77afe0f7-e16b-4b5a-908b-e5d04ea162c7,jexapeujyo
77afe0f7-e16b-4b5a-908b-e5d04ea162c7,gjplbapvs
77afe0f7-e16b-4b5a-908b-e5d04ea162c7,rtfqmxye
77afe0f7-e16b-4b5a-908b-e5d04ea162c7,ctagadulb
77afe0f7-e16b-4b5a-908b-e5d04ea162c7,gmazdrlmg
77afe0f7-e16b-4b5a-908b-e5d04ea162c7,jvsr
77afe0f7-e16b-4b5a-908b-e5d04ea162c7,aosgdra
77afe0f7-e16b-4b5a-908b-e5d04ea162c7,ayaiffrda
77afe0f7-e16b-4b5a-908b-e5d04ea162c7,knvvsz
029e6849-1606-46be-8e74-55aaecd70220,txqpes
029e6849-1606-46be-8e74-55aaecd70220,tazvcxcyt
029e6849-1606-46be-8e74-55aaecd70220,uvguy
029e6849-1606-46be-8e74-55aaecd70220,xpya
029e6849-1606-46be-8e74-55aaecd70220,alsmuuzn
029e6849-1606-46be-8e74-55aaecd70220,claqnzkuhi
029e6849-1606-46be-8e74-55aaecd70220,tfhnsuzlxs
029e6849-1606-46be-8e74-55aaecd70220,jdcs
644f6fd2-ad0e-462e-82d6-d2a1f5bcff0c,ietpqxhhm
644f6fd2-ad0e-462e-82d6-d2a1f5bcff0c,yexsaxcud
644f6fd2-ad0e-462e-82d6-d2a1f5bcff0c,hlqwv
644f6fd2-ad0e-462e-82d6-d2a1f5bcff0c,dxgwh
644f6fd2-ad0e-462e-82d6-d2a1f5bcff0c,xojss
644f6fd2-ad0e-462e-82d6-d2a1f5bcff0c,huhklt
